freq. ,flux ,err_flux ,MJD_start ,MJD_end ,flag,catalog,reference
 2.418e+23, 8.357e-13, 1.019e-13,  55000.0000,  55000.0000,  ,4FGL-DR3    ,  The Fermi-LAT Collaboration 2022  arXiv:2201.11184 
 1.813e+22, 2.505e-12, 1.746e-12,  55000.0000,  55000.0000,  ,4FGL-DR3    ,  The Fermi-LAT Collaboration 2022  arXiv:2201.11184 
 4.835e+22, 6.297e-13, 0.000e+00,  55000.0000,  55000.0000,UL,4FGL-DR3     ,  The Fermi-LAT Collaboration 2022  arXiv:2201.11184 
 1.451e+23, 3.680e-13, 1.206e-13,  55000.0000,  55000.0000,  ,4FGL-DR3    ,  The Fermi-LAT Collaboration 2022  arXiv:2201.11184 
 4.835e+23, 6.959e-13, 1.160e-13,  55000.0000,  55000.0000,  ,4FGL-DR3    ,  The Fermi-LAT Collaboration 2022  arXiv:2201.11184 
 1.451e+24, 6.270e-13, 1.310e-13,  55000.0000,  55000.0000,  ,4FGL-DR3    ,  The Fermi-LAT Collaboration 2022  arXiv:2201.11184 
 4.835e+24, 1.141e-13, 8.676e-14,  55000.0000,  55000.0000,  ,4FGL-DR3    ,  The Fermi-LAT Collaboration 2022  arXiv:2201.11184 
 1.451e+25, 8.279e-13, 0.000e+00,  55000.0000,  55000.0000,UL,4FGL-DR3     ,  The Fermi-LAT Collaboration 2022  arXiv:2201.11184 
 1.451e+26, 1.250e-12, 0.000e+00,  55000.0000,  55000.0000,UL,4FGL-DR3     ,  The Fermi-LAT Collaboration 2022  arXiv:2201.11184 
